Feature_id,platform_id,feature_descr
1,1,"Speed and Performance : Aerospike is designed for high throughput and low latency operations, making it suitable for real-time big data applications."
2,1," Scalability : Provides linear scalability, allowing systems to grow in capacity and throughput by adding more nodes."
3,1," Distributed Nature : Offers a distributed architecture without a single point of failure. Data is automatically partitioned and distributed across the cluster."
4,1," Strong Consistency : Ensures strong consistency in distributed environments, vital for applications requiring accurate data synchronization."
5,1," Hybrid Memory Architecture : Utilizes both RAM and SSDs efficiently for data storage, balancing cost and performance."
6,1," Cross Data Center Replication (XDR) : Enables data to be replicated across multiple geographically distributed clusters, enhancing data availability and disaster recovery capabilities."
7,1," Secondary Indexes : Supports secondary indexes for complex query patterns, enhancing flexibility in data retrieval."
8,1," User-Defined Functions (UDFs) : Allows the execution of Lua scripts server-side, which is useful for complex data operations."
9,1," Flexible Data Model : Supports a flexible schema that allows for multiple data types (like integers, strings, and blobs) and complex data types (like lists and maps)."
10,1," Enterprise-Grade Security : Features robust security mechanisms including authentication, authorization, role-based access control, and encryption at rest and in transit."
11,2,"Built-in security"
12,2,"Continuous backups"
13,2,"Serverless compute"
14,2,"Up to 15 read replicas"
15,2,"Automated multi-Region replication"
16,2,"Amazon CloudWatch metrics for your DB Instances at no additional charge"
17,2,"Support for quick and efficient cloning operations"
18,2,"Compatibility with MySQL"
19,3,"Multi-Region global tables database"
20,3,"Active-active data replication"
21,3,"Encryption at rest"
22,3,"On-demand backup"
23,3,"In-memory caching"
24,4,"Column-oriented data can be organized into rows or columns."
25,4,"Massively parallel processing, uses MPP technology to process large volumes of data quickly."
26,4,"Security, includes built-in identity management, federation, and single sign-on (SSO)"
27,4,"Automated Materialized Views, improves query throughput, lowers latency, and shortens execution time."
28,4,"Columnar storage, uses columnar storage, data compression, and zone maps to reduce I/O needed for queries."
29,4,"End-to-end data encryption"
30,4,"Network isolation"
31,4,"Fault tolerance"
32,4,"Concurrency limits"
33,4,"Custom-built ETL workflow"
34,4,"Horizontally scalable"
35,4,"Massive storage capacity"
36,5,"Low latency,  flink is designed for low latency processing."
37,5,"High availability,  flink is designed for high availability  removing single point of failures."
38,5,"Scalable,  flink is designed to scale horizontally."
39,5,"Stream processing, flink is a streaming dataflow engine that can run real-time stream processing on high-throughput data sources."
40,5,"Data types,  flink supports high-throughput  low-latency  and stateful computations over data streams."
41,5,"Support for stream and batch processing"
42,5,"Sophisticated state management"
43,5,"Event-time processing semantics"
44,5,"Exactly-once consistency guarantees for state"
45,5,"Backpressure control"
46,5,"APIs optimized to write both streaming and batch applications"
47,5,"Amazon Managed Service for Apache Flink handles core capabilities like"
48,5,"Provisioning compute resources"
49,5,"AZ failover resilience"
50,5,"Parallel computation"
51,5,"Automatic scaling"
52,5,"Application backups (implemented as checkpoints and snapshots)"
53,6,"Fault tolerance Cassandra is fault-tolerant because it can store the same information in multiple locations or nodes. This makes it highly available and tolerant of faults in the system."
54,6,"Distributed architecture Cassandra is designed to handle big data across many commodity servers"
55,6,"Fast writes Cassandra allows data to be written to the database quickly because data can come in unstructured."
56,6,"linear scalability Cassandra uses various techniques for repairing nodes to ensure the data consistency after failure. These techniques are hinted handoff"
57,6,"High write availability When a master node goes down"
58,6,"Data replicative ability Cassandra is highly scalable and allows to add more hardware to accommodate more customers and more data as per requirement."
59,7,"Column-oriented ClickHouse stores data by column instead of row"
60,7,"Vector computation engine ClickHouse was designed to offer online query processing."
61,7,"Data compression ClickHouse can compress data better than other databases."
62,7,"Real-time data inserts ClickHouse can insert data in real-time."
63,7,"Distributed processing ClickHouse can use distributed processing on multiple servers."
64,7,"Distributed architecture"
65,7,"SQL support"
66,7,"Parallel processing on multiple cores"
67,7,"Real-time analytics"
68,7,"Disk storage of data"
69,8,"Scalability CockroachDB can scale from a single laptop to thousands of servers."
70,8,"Failure-safe CockroachDB is designed to be highly fault tolerant and almost impossible to take down."
71,8,"SQL support"
72,8,"Distributed transactions CockroachDB is designed for high-performance"
73,8,"High availability CockroachDB features high availability."
74,8,"Simplified deployment"
75,8,"Strong consistency"
76,8,"Automated scaling and repair"
77,8,"Open source"
78,8,"Data masking"
79,8,"Authentication and single sign-on"
80,8,"Data anonymization"
81,8,"Data encryption"
82,8,"User access control"
83,8,"Database locking"
84,8,"Access control"
85,9,"SQL++ A full implementation of SQL syntax  including JOINs  including JOINs"
86,9,"Key-value pairs Allows users to look up data efficiently with a direct key lookup"
87,9,"Full-text search Allows users to retrieve information"
88,9,"Analytics Allows users to query ad-hoc"
89,9,"Eventing Allows users to program reactively on a single copy of data"
90,9,Caching
91,9,"Data access models"
92,9,"Backup service"
93,9,"Disk persistence"
94,9,"Data replication"
95,9,"Live cluster reconfiguration"
96,9,Rebalancing
97,9,"Multitenancy with data partitioning"
98,10,
99,10,"Replication CouchDB offers a simple form of replication."
100,10,"ACID semantics CouchDB provides ACID semantics."
101,10,"Security CouchDB offers database-level security  and the structure can change dynamically  with permissions separated into readers and admins."
102,10,"Authentication and session support CouchDB offers authentication open via a session cookie."
103,10,"RESTful HTTP API CouchDB offers an API for reading and updating database documents."
104,11,"Unified data analytics platform, Databricks provides a unified platform for data engineering, data science, and business analytics."
105,11,"Cluster access mode, A security feature that determines who can use a cluster and what data they can access."
106,11,"Cluster log delivery, You can specify a location to deliver the logs for the Spark driver node, worker nodes, and events."
107,11,"Delta sharing, A secure data sharing platform that lets you share data in Databricks with users outside your organization."
108,11,"Automatic termination, During cluster creation, the cluster creator can enable auto-termination to save costs."
109,11,"Databricks Connect, A one-stop portal to discover and securely connect data, analytics and AI tools directly within the Databricks platform."
110,11,"Scalability with need"
111,11,"Lightning-fast data processing"
112,11,"Simplified data pipelines"
113,11,"Collaboration made easy"
114,11,"Effortless machine learning"
115,11,"Security first"
116,11,"Cost optimization"
117,12,"Indentation guides: Help ensure that code is lined up line to line and indentation to indentation"
118,12,"Automatic file and unlimited record locking: Helps keep data up to date with automatic record and file locking and screen refresh"
119,12,"Database normalization: A design technique that reduces data redundancy and improves data integrity"
120,12,"Textures: Developers can use textures to create modern-looking interfaces"
121,12,"Data Manipulation: A set of non-visual classes that make working with databases easier"
122,12,"Network instantly"
123,12,"Automatic retry when record/file is locked"
124,12,"ODBC support"
125,12,"A just-in-time (JIT) compiler"
126,12,"A preprocessor"
127,12,"A virtual machine interpreter"
128,12,"A linker for creating dBase application executable files (.exe)"
129,12,"A freely available runtime engine"
130,12,"Numerous two-way GUI design tools including a Form Designer, Report Designer"
131,13,"Security, Protects data in a granular way. It uses a unified solution with SIEM, EDR, and cloud security to automate protection, investigation, and response."
132,13,"Monitoring, Maintains a pulse on the Elastic Stack."
133,13,"Search, Includes full-text search, autocomplete, facets, filters, spell-checking, hit-highlighting, paging, and boosting. It also has features like customized splitting text into words, fuzzy search, customized stemming, faceted search, and instant search."
134,13,"Observability, Accelerates problem resolution with open, flexible, and unified observability powered by advanced ML and analytics."
135,13,"Connect, Stores, searches, and analyzes large volumes of data quickly and in near real time."
136,13,"Elastic Maps, Creates specialized links that let anyone access an asset without being prompted for credentials."
137,13,Alerting
138,13,"Elasticsearch SQL"
139,13,"Time series data management"
140,13,"Machine learning"
141,14,"Script error logging, Create scripts that read, write, and manage external data files to write log files or export data in a custom format."
142,14,"FileMaker Server, Share databases over a network with up to 250 people running FileMaker Pro. You can also publish FileMaker databases so that people can access them over the Web."
143,14,"Core ML support, Use Apple's Core ML to create smarter apps. Core ML supports features such as face tracking, face detection, landmarks, text detection, rectangle detection, barcode detection, object tracking, and image recognition."
144,14,"Security enhancements, User interface enhancements, new user privilege set, updates to file access, and digitally signed plug-in notifications."
145,14,"Local notifications, Configure Local Notification script step."
146,14,"JavaScript to enhance custom apps"
147,14,"Drag and drop add-ons"
148,14,"Siri Shortcuts"
149,14,"Near Field Communications (NFC) Tag Reading"
150,14,"Hosting on Linux"
151,14,"Keeping everything in the cloud"
152,14,"Using Card Windows in Web Direct"
153,14,"Creating an XML copy of your database"
154,14,"Printing PDF from Server"
155,14,"A RESTful API"
156,14,"JSON functions"
157,15,"Layout Object Window"
158,15,"Security and offline support, Firebase Realtime Database is secure by default, with built-in authentication and authorization. It also supports offline support, so your users can continue to use your app even when they don't have an internet connection."
159,15,"Data synchronization, Firebase Realtime Database synchronizes data across all connected devices in real time, so your users can always see the latest data, no matter what device they're using."
160,15,"Real-time data access, Firebase Realtime Database provides real-time data access, so your users can see changes to the data as they happen. This is ideal for applications that need to display live data, such as chat apps and leaderboards."
161,15,"Scalability, Firebase Realtime Database is scalable, so you can easily add more users and data to your app without having to worry about performance."
162,15,"Flexibility, Firebase Realtime Database is flexible, so you can use it to store any type of data, from simple strings to complex objects."
163,16,"High performance, Firebird offers excellent concurrency and high performance."
164,16,"Strong language support, Firebird offers powerful language support for stored procedures and triggers."
165,16,"Compatibility, Firebird is highly compatible with ANSI SQL and supports major hardware and software platforms, including Windows, Linux, and Mac OS X."
166,16,"Multi-generational architecture, Firebird allows simultaneous OLTP and OLAP operations through its multi-generational architecture."
167,16,"Data manipulation, Firebird supports stored procedures and triggers, cross-database queries, and active tables concept and events."
168,16,"Common Table Expressions (CTE)"
169,16,"Flexible transactions management"
170,16,"Comprehensive SQL92 support"
171,16,"Parallel backup, restore, sweep, and index creation"
172,16,"Cache of compiled prepared statements"
173,16,"Improved compression of records"
174,17,"Data storage, BigQuery allows users to store data in tables, including standard tables, table clones, table snapshots, and materialized views."
175,17,"Data analysis, BigQuery offers a range of tools to analyze data, including SQL-like queries, data visualization tools, and machine learning APIs."
176,17,"Data processing, BigQuery is optimized for processing data in real time and can handle complex, ad-hoc queries on large datasets."
177,17,"Data warehousing, BigQuery allows users to produce, manage, distribute, and query data."
178,17,"Data types, When importing data into BigQuery, users should map the data types from the source to those available in BigQuery. Data types can be grouped into eight categories, including NUMERIC and BOOLEAN."
179,17,"Marketing analytics software"
180,17,"Predictive analytics software"
181,17,"ETL tools"
182,17,"Big data processing and distribution systems"
183,17,"Big data integration platforms"
184,17,"Columnar databases"
185,17,"Support for the DML and DDL languages"
186,17,"Separate storage and computing"
187,18,"NoSQL document database, Cloud Firestore is a document-based database that can store, sync, and query data for mobile and web apps."
188,18,"ACID properties, Cloud Firestore follows the ACID (atomicity, consistency, isolation, and durability) properties for transactions."
189,18,"Serializability, Cloud Firestore provides serializability, which means that all transactions appear as if executed in a serial order."
190,18,"indexed queries, Cloud Firestore can perform indexed queries by combining filtering and sorting in a single query."
191,18,"Data types, Cloud Firestore supports a variety of data types for values, including boolean, number, string, geo point, binary blob, and timestamp."
192,18,"Map structure, You can use arrays or nested objects, called maps, to structure data within a document."
193,18,"Automatic multi-region data replication"
194,18,"Strong consistency guarantees"
195,18,"Atomic batch operations"
196,18,"Real transaction support"
197,18,"Offline sync"
198,18,"Multi-region deployment"
199,18,"Automatic scaling"
200,18,"Strong user-based security"
201,18,"Pay as you go model pricing"
202,19,"Extensible data types and functions Greenplum includes extension modules for geospatial processing, machine learning, graph analytics, and more."
203,19,"Advanced analytics Greenplum offers a variety of analytics functions, including machine learning, aggregations, window functions, and complex joins."
204,19,"Scalability Greenplum allows for easy scalability by adding more nodes to the cluster as data volumes grow."
205,19,"Parallel data loading Greenplum offers parallel data loading, which is not available within PostgreSQL."
206,19,"Resource management Greenplum offers resource management."
207,19,"Advanced query optimization Greenplum offers advanced query optimization."
208,19,"Defining database objects"
209,19,"Creating and managing databases"
210,19,"Loading and unloading data"
211,19,"Querying data"
212,19,"Retrieving query results with a parallel retrieve cursor"
213,19,"Inserting, updating, and deleting data"
214,20,"Linear scalability HBase scales linearly."
215,20,"Automatic failure support HBase has automatic failure support."
216,20,"Consistent reads and writes HBase provides consistent reads and writes."
217,20,"Data replication HBase provides data replication across clusters."
218,20,"Java API HBase has an easy-to-use Java API for client access."
219,20,"Automatic sharding HBase provides automatic and manual splitting of regions into smaller subregions to reduce I/O time."
220,20,"Atomic read and write"
221,20,"Modular scalability"
222,20,"Thrift gateway and RESTful Web services"
223,20,"Block Cache and Bloom Filters for real-time queries"
224,20,"Fast random access to available data"
225,20,"Deep integration with Apache Hadoop"
226,20,"Parallelized processing via MapReduce"
227,20,"Failure detection"
228,21,"Data warehousing Hive is a data warehousing tool that can be used for enterprise data wrangling."
229,21,"Query planner Hive has a query planner, query execution engine, and query and cost-based optimizer."
230,21,"Partitioning Hive supports partitioning, which makes querying large datasets faster and more cost-effective."
231,21,"Metastore Hive has a central repository called Metastore that stores metadata information about the structure of tables and partitions."
232,21,"HiveQL Hive uses the SQL-like language HiveQL or HQL."
233,21,"Schema evolution Hive supports schema flexibility and evolution."
234,21,"Bootstrap and incremental replication for backup and recovery"
235,21,"Supports kerberos auth"
236,21,"Offers additional query and analytical abilities"
237,21,"Tables can be portioned and bucketed"
238,21,"JDBC/ODBC drivers are available"
239,21,"HiveServer2 is a server interface that allows remote clients to submit queries to Hive and retrieve the results"
240,22,"High Performance and Scalability : DB2 is known for its high performance, especially in large-scale transaction processing environments. It offers scalability to handle massive volumes of data and high numbers of concurrent users."
241,22,"Advanced Analytics : DB2 integrates with IBM's analytics and data science tools, allowing users to perform complex analytics and machine learning directly on the database."
242,22,"Data Compression : Offers advanced data compression capabilities, reducing storage requirements and improving I/O efficiency."
243,22,"BLU Acceleration : This technology provides faster analytics by storing data in columnar format, which is ideal for analytical processing."
244,22,"Multi-Workload Database Management : Capable of handling a diverse range of workloads including transactional, analytical, and operational."
245,22,"PureScale Technology : Offers clustering technology for high availability and scalability. It's designed to provide continuous availability and to scale out for read and write workloads."
246,22,"Security and Compliance : Features robust security mechanisms including label-based access control, encryption, and auditing features to help meet regulatory compliance."
247,22,"HADR (High Availability Disaster Recovery) : Supports high availability and disaster recovery solutions to reduce the risk of data loss."
248,22,"Data Partitioning : Supports table partitioning for managing large tables and improving query performance."
249,22,"Federation and Integration : Allows integration with other IBM and non-IBM data sources, enabling a federated view across disparate data stores."
250,22,"XML Database Capabilities : Provides robust support for XML data, including XQuery and SQL/XML, which is useful for applications that deal with a significant amount of XML data."
251,23,"Fast SQL Queries : Impala provides high-performance, low-latency SQL queries on Hadoop, making it suitable for interactive analytics."
252,23,"Massive Parallel Processing (MPP) : Utilizes a distributed architecture that allows data to be processed in parallel across multiple nodes, significantly speeding up query response times."
253,23,"Real-Time Query Execution : Unlike other Hadoop query engines that use batch processing, Impala executes queries in real-time, making it ideal for interactive applications."
254,23,"Integration with Hadoop Ecosystem : Impala integrates seamlessly with Hadoop ecosystem components like HDFS (Hadoop Distributed File System), Apache Hive, and Apache HBase."
255,23,"Supports Common Data Formats : Works with data stored in popular formats used in the Hadoop ecosystem, including Parquet, Avro, and RCFile."
256,23,"SQL Interface : Offers a familiar SQL interface, which makes it easy for users with SQL knowledge to run queries on large-scale data."
257,23,"Scalability : Designed to handle large volumes of data distributed across a Hadoop cluster. It can scale along with the Hadoop cluster as data grows."
258,23,"In-memory Data Processing : Capable of in-memory data processing, which improves the performance of query execution."
259,23,"Resource Management : Can integrate with Apache YARN for resource management, allowing it to coexist with other Hadoop applications."
260,23,"JDBC/ODBC Support : Provides JDBC and ODBC drivers, enabling integration with various business intelligence tools and applications."
261,23,"Security Features : Supports Kerberos authentication and integrates with Apache Sentry for role-based access control, ensuring data security within Hadoop clusters."
262,24,"Time Series Data Specialization : Specifically optimized for time-stamped or time series data, such as metrics, events, and real-time analytics."
263,24,"High Performance : Fast data ingestion and querying, making it suitable for scenarios with high write loads and large data volume requirements."
264,24,"Scalability : Able to handle large scale time series data storage and querying efficiently."
265,24,"Data Retention Policies : Automatic data eviction based on customizable retention policies, which is crucial for managing time series data that accumulates over time."
266,24,"Continuous Queries : Supports continuous queries that automatically compute aggregate functions on real-time data."
267,24,"Built-in HTTP API : Facilitates easy integration with existing applications and allows data writing and querying over HTTP."
268,24,"Schema-less Design : No need to define schemas upfront, allowing flexibility in data structure."
269,24,"Native Support for Time Series Functions : Includes native functions for common time series operations such as sum, count, average, min, and max."
270,24,"InfluxQL : SQL-like query language that makes it easy to interact with and retrieve data, particularly for those familiar with SQL."
271,24,"TICK Stack Integration : Part of the TICK stack (Telegraf, InfluxDB, Chronograf, Kapacitor), which provides a suite of applications for time series data collection, storage, visualization, and processing."
272,24,"Data Downsampling and Rollups : Ability to downsample data and create rollups, which is essential for long-term time series data storage and analysis."
273,24,"Security Features : Supports basic authentication, and when paired with enterprise modules, it can offer more advanced security features like LDAP integration."
274,25,"High Performance : Informix is known for its high-performance capabilities, particularly in OLTP (Online Transaction Processing) environments."
275,25,"Scalability : Offers excellent scalability options, both in terms of data volume and concurrent users, while maintaining high performance."
276,25,"TimeSeries Data Management : Specialized support for time series data, making it ideal for applications like smart metering, sensor data management, and IoT."
277,25,"Flexible Architecture : Informix can run on a wide range of hardware platforms and operating systems, offering a flexible architecture."
278,25,"High Availability : Provides robust data replication and clustering features for high availability and disaster recovery."
279,25,"Embedded Database Capability : Known for its ability to be embedded with minimal administration, making it a good choice for embedded systems and IoT devices."
280,25,"Low Administrative Overhead : Informix requires relatively low administration, partly due to its automated space management and performance tuning features."
281,25,"JSON and NoSQL Features : Supports JSON data types and NoSQL features, allowing for flexible data management and application development."
282,25,"Smart Triggers : Offers smart triggers for event-driven processing, useful for real-time analytics and response."
283,25,"Geospatial Data Management : Comes with integrated support for spatial data, enabling the management and analysis of geospatial information."
284,25,"Security : Provides comprehensive security features including role-based access control, data encryption, and auditing capabilities."
285,25,"Multi-language Support : Supports various programming languages and environments, making it versatile for different development needs."
286,26,"Compatibility with MySQL : MariaDB is a fork of MySQL, ensuring high compatibility. It's designed as a drop-in replacement for MySQL, offering all of MySQL's features and more."
287,26,"Open Source : Being open-source, it provides transparency and flexibility, allowing users to modify and adapt the software to their needs."
288,26,"Storage Engines : Offers a variety of storage engines, including Aria, InnoDB, MyRocks, and others, allowing users to choose the best engine for their specific use case."
289,26,"Advanced Clustering with Galera : Provides built-in support for Galera Cluster, enabling synchronous multi-master replication for high availability."
290,26,"Performance and Scalability : Optimized for performance and scalability, MariaDB can handle a large number of concurrent connections and large datasets efficiently."
291,26,"Security Features : Includes robust security features like database encryption, role-based access control, and audit logging to ensure data safety and compliance."
292,26,"SQL Enhancements : Offers a broad subset of SQL standard features, including window functions, common table expressions, and JSON functions."
293,26,"GIS and Spatial Support : Provides comprehensive support for GIS and spatial data types, making it suitable for handling geographical data."
294,26,"High Availability : Features like replication and clustering options contribute to high availability setups."
295,26,"Replication Enhancements : Offers enhanced replication features, including multi-source replication and parallel replication, to improve efficiency and reliability."
296,26,"Backup and Recovery : Provides efficient and reliable backup and recovery solutions, crucial for safeguarding data."
297,26,"Rich Ecosystem : Has a strong community and ecosystem, providing a wealth of plugins, tools, and storage engines."
298,27,"In-Memory Caching : Memcached stores data in RAM, reducing the need to access the database for every request, thereby speeding up applications."
299,27,"Distributed Nature : It allows you to build a distributed system where data is spread across multiple servers, increasing the cache space and reducing the load on a single server."
300,27,"High Performance : Its in-memory storage mechanism makes it incredibly fast, ideal for websites and applications that require rapid data retrieval."
301,27,"Simplicity : Memcached is designed to be straightforward and easy to use with a simple, text-based protocol for storing and retrieving data."
302,27,"Compatibility : It is compatible with a wide variety of programming languages, including PHP, Python, Ruby, and Java."
303,27,"Scalability : Can easily scale out by adding more servers to the Memcached pool, making it suitable for high traffic websites and applications."
304,27,"Lightweight : Memcached is lightweight and easy to install, with minimal overhead."
305,27,"Key-Value Store : Data is stored as key-value pairs, making it suitable for storing small chunks of arbitrary data (strings, objects) from results of database calls, API calls, or page rendering."
306,27,"Cache Invalidation : Offers simple yet effective mechanisms for cache invalidation, including time-to-live (TTL) for data expiration."
307,27,"Lack of Durability : Designed for situations where data can be regenerated or re-cached, as it does not provide persistence."
308,28,"User-Friendly Interface : Known for its intuitive and user-friendly interface, making it accessible for users with varying levels of expertise."
309,28,"Database Templates : Offers a variety of templates to create databases quickly, suitable for users who may not be familiar with database design."
310,28,"Relational Database Management : Allows users to create relational databases, enabling the establishment of relationships between different data tables."
311,28,"Query Functionality : Provides powerful query capabilities with a visual query designer, making it easier to retrieve and manipulate data."
312,28,"Reporting Tools : Includes robust reporting tools that allow users to create and format detailed reports, which are essential for data analysis and decision-making."
313,28,"Form Creation Tools : Users can create custom forms for data entry, improving data collection efficiency and user experience."
314,28,"VBA (Visual Basic for Applications) Integration : Supports VBA, allowing for advanced data manipulation, automation, and customization."
315,28,"Data Import and Export : Supports importing from and exporting to a variety of formats including Excel, ODBC, SQL Server, and SharePoint."
316,28,"Compact and Repair Utility : Provides tools to compact and repair databases, which helps in maintaining the performance and preventing database corruption."
317,28,"Macro Support : Offers macro support to automate repetitive tasks and streamline workflows."
318,28,"Split Database Architecture : Allows splitting of databases into two files - the front-end (application) and the back-end (data) for better performance in a multi-user environment."
319,28,"Integration with Other Microsoft Products : Seamlessly integrates with other Microsoft products like Excel, Word, Outlook, and SharePoint, enhancing functionality and data sharing."
320,29,"Global Distribution : Offers turnkey global distribution across all Azure regions, enabling applications to scale and replicate data wherever users are."
321,29,"Multi-Model Support : Supports multiple data models, including document, key-value, graph, and column-family, using APIs for SQL, MongoDB, Cassandra, Gremlin, and Table."
322,29,"Multi-Master Replication : Provides multi-master replication with multi-region writes, offering low-latency writes and high availability."
323,29,"Automatic and Instant Scalability : Delivers elastic scalability of throughput and storage worldwide, scaling up or down as needed without interrupting the service."
324,29,"Comprehensive SLAs : Offers comprehensive service level agreements (SLAs) covering throughput, latency, availability, and consistency."
325,29,"NoSQL Capabilities : Designed as a NoSQL database, it allows for flexible and schema-free data storage and querying."
326,29,"ACID Transactions : Supports ACID transactions for strong consistency, ensuring data integrity."
327,29,"Low Latency Guarantees : Guarantees single-digit millisecond latencies for reads and writes at the 99th percentile, making it suitable for real-time applications."
328,29,"Automatic Indexing : Automatically indexes all data without requiring any schema or secondary indices to be defined."
329,29,"Security and Compliance : Provides multiple layers of security, including network isolation, encryption at rest, role-based access control, and comprehensive compliance standards."
330,29,"Integrated Caching : Features a multi-hierarchy cache for high-performance and efficient data access."
331,29,"Real-Time Analytics : Supports real-time analytics over operational data, enabling complex queries and analytics directly on the operational databases."
332,30,"Fully Managed Database Service : Azure SQL Database is a fully managed service, which means that most of the database administration functions like upgrading, patching, backups, and monitoring are handled by Azure, reducing the overhead for users."
333,30,"Scalability : Offers scalable compute and storage resources. You can easily scale up or down based on your application's needs without downtime."
334,30,"Built-in Intelligence : Azure SQL Database uses built-in intelligence to continuously monitor database performance, detect disruptive events, and automatically implement necessary actions to maximize performance and durability."
335,30,"High Availability : Designed for high availability, it automatically handles patching, backups, and disaster recovery and provides a 99.99% availability SLA."
336,30,"Security Features : Includes advanced security features like Azure Active Directory authentication, firewall rules, always encrypted data, and threat detection."
337,30,"Automated Backups : Azure handles backups automatically, with the ability to restore to any point in time."
338,30,"Performance Optimization : Uses machine learning to provide performance optimization recommendations to improve database throughput."
339,30,"Serverless Compute : Offers a serverless compute tier that automatically scales compute resources based on workload demand, optimizing performance and cost."
340,30,"Elastic Pools : Allows you to allocate a shared set of resources across multiple databases to accommodate unpredictable periods of heavy loads."
341,30,"Global Distribution : Supports creating geo-replicated databases in multiple Azure regions, providing global distribution and redundancy."
342,30,"Data Synchronization : Supports data synchronization between Azure SQL Databases and SQL Server instances on-premises or in the cloud with SQL Data Sync."
343,30,"Integration with Azure Services : Seamlessly integrates with other Azure services like Azure Functions, Azure App Service, and Azure Active Directory for enhanced functionality and security."
344,31,"Document-Oriented Storage : MongoDB uses a JSON-like format called BSON (Binary JSON) for storing documents, which allows for more varied and complex data structures compared to traditional table-based SQL databases."
345,31,"Schema-less Design : Being a NoSQL database, MongoDB is schema-less. This means you can store data in varied structures, and the structure can evolve over time."
346,31,"Indexing : Supports a wide range of indexing capabilities for faster query execution. This includes secondary indexes, compound indexes, and geospatial indexes."
347,31,"Aggregation Framework : Provides a powerful aggregation framework for performing complex data aggregation operations using pipeline stages."
348,31,"Replication and High Availability : Offers a replication feature through replica sets, providing data redundancy and high availability."
349,31,"Sharding for Horizontal Scalability : Supports sharding, which distributes data across multiple machines, enabling horizontal scaling and managing large data sets effectively."
350,31,"Full-Text Search : Includes full-text search capabilities to perform text search queries on string content."
351,31,"GridFS for Storing Large Files : Uses GridFS for storing and retrieving large files such as images and videos without the need for a filesystem."
352,31,"ACID Transactions : Recent versions of MongoDB support multi-document ACID transactions, similar to relational databases."
353,31,"Rich Query Language : Offers a rich and expressive query language that allows for filtering and sorting by fields, range queries, and regular expression searches."
354,31,"Support for JavaScript and Multiple Languages : Supports JavaScript for certain types of queries and is accessible from a wide variety of programming languages due to its extensive driver support."
355,31,"Flexible Deployment : Can be deployed in various environments, including cloud platforms like MongoDB Atlas, on-premises, or in a hybrid setup."
356,32,"Relational Database Management : MySQL is a relational database that uses structured query language (SQL) for database access, enabling the efficient management of structured data."
357,32,"Open Source : Being open-source, it allows for flexibility and customization, making it popular among developers and enterprises."
358,32,"High Performance : Known for its high performance, especially in web applications, MySQL can handle a significant number of concurrent database connections."
359,32,"Scalability : Offers good scalability for handling large databases and significant loads."
360,32,"Replication : Supports master-slave replication, allowing data from one MySQL database server (the master) to be replicated to one or more MySQL database servers (the slaves)."
361,32,"Storage Engine Variety : Provides multiple storage engines (InnoDB, MyISAM, Memory, CSV, etc.), each with its own advantages, allowing the choice of the most suitable one for specific needs."
362,32,"Security and Access Control : Offers robust security features including encrypted connections, SSL support, and granular access control to the database."
363,32,"Data Integrity : Enforces data integrity through features like foreign key constraints with InnoDB, which is its default storage engine."
364,32,"ACID Compliance : With the InnoDB storage engine, MySQL offers ACID (Atomicity, Consistency, Isolation, Durability) transaction compliance."
365,32,"Cross-Platform Support : Runs on various operating systems, including Linux, Windows, and macOS."
366,32,"Stored Procedures and Triggers : Supports stored procedures, triggers, and views, enabling more complex functionalities and database automation."
367,32,"Comprehensive Application Development : One of the key components of the LAMP (Linux, Apache, MySQL, PHP/Perl/Python) stack, widely used in web application development."
368,33,"Graph-Based Data Model : Neo4j's core structure is a graph, which naturally represents data as nodes (entities) and relationships (edges), making it ideal for handling interconnected data."
369,33,"Cypher Query Language : Features its own declarative graph query language, Cypher, which is intuitive and specifically designed for querying graph data."
370,33,"ACID Compliance : Ensures full ACID (Atomicity, Consistency, Isolation, Durability) compliance for reliable transaction processing."
371,33,"High-Performance Reads and Writes : Optimized for both high-performance read and write operations, making it suitable for complex and connected data structures."
372,33,"Flexible Schema : While Neo4j can enforce schema constraints, it also allows for a flexible schema, making it easier to evolve the database structure over time."
373,33,"Graph Algorithms : Comes with a rich set of pre-built graph algorithms for analytics, such as pathfinding, centrality, and community detection."
374,33,"Scalability : Provides horizontal scalability with features like causal clustering for larger and more demanding database requirements."
375,33,"Native Graph Processing : Designed to store and process graphs natively, ensuring efficient handling of connected data without the need for expensive join operations."
376,33,"Integration and Extensibility : Offers integrations with popular programming languages and frameworks and can be extended with user-defined procedures and functions."
377,33,"Indexing and Full-Text Search : Supports indexing for faster data retrieval and full-text search capabilities."
378,33,"Real-Time Insights : Capable of delivering real-time insights and analytics over graph data, suitable for a variety of use cases including recommendation systems, fraud detection, and network analysis."
379,33,"Security Features : Includes robust security features like authentication, authorization, and encryption, both for data at rest and in transit."
380,34,"Massively Parallel Processing (MPP) Architecture : Netezza uses a massively parallel processing architecture that allows for the distribution and parallel execution of complex queries across multiple processors."
381,34,"Appliance Simplicity : Comes as a pre-configured analytic appliance, integrating database, server, and storage into a single, easy-to-manage system."
382,34,"High-Performance Analytics : Optimized for data analytics, Netezza provides fast query performance, especially suitable for large-scale data warehousing applications."
383,34,"In-Database Analytics : Supports running analytics algorithms directly inside the database, reducing the time and complexity of transferring data."
384,34,"Easy Integration with BI Tools : Easily integrates with a wide range of Business Intelligence (BI) and data visualization tools."
385,34,"Scalability : Efficiently handles petabytes of data, providing scalable performance for growing data needs."
386,34,"Columnar Data Store : Some Netezza models offer columnar data storage capabilities, improving performance for certain types of analytic queries."
387,34,"User-Defined Functions : Allows the creation of custom functions and analytic algorithms in familiar languages like Java and C++."
388,34,"Data Compression : Uses advanced data compression techniques to reduce physical storage requirements and improve I/O efficiency."
389,34,"Built-in Security : Offers robust security features, including user authentication and data encryption, to protect sensitive data."
390,34,"Compatibility with SQL : Supports a wide range of SQL and OLAP functions, making it accessible to users familiar with SQL databases."
391,34,"Load and Unload Utilities : Efficient tools for fast data loading and unloading, crucial for data warehousing operations."
392,35,"Full-Text Search : OpenSearch excels at full-text search, allowing for powerful and precise search capabilities across large volumes of data."
393,35,"Scalable and Distributed Architecture : Designed to be distributed by nature, it can scale horizontally to manage large-scale deployments and handle large volumes of data."
394,35,"Real-Time Analytics : Offers real-time analytics capabilities, enabling users to perform searches and get insights from their data almost instantly."
395,35,"Compatibility with Elasticsearch 7.x : OpenSearch is compatible with Elasticsearch 7.x APIs and clients, making it a suitable alternative for existing Elasticsearch users."
396,35,"Rich Query DSL : Supports a rich Query Domain-Specific Language (DSL) for creating complex queries and aggregations."
397,35,"Data Visualization with OpenSearch Dashboards : Includes OpenSearch Dashboards (formerly known as Kibana), a visualization tool that allows users to create and share dashboards that visualize real-time data from OpenSearch."
398,35,"Machine Learning Features : Some versions offer machine learning capabilities for anomaly detection and insights into data trends."
399,35,"High Availability : Supports clustering for high availability, ensuring that the system remains operational and accessible even if some nodes fail."
400,35,"Security Features : Provides security features such as encryption, role-based access control, and audit logging."
401,35,"Monitoring and Alerting : Includes tools for monitoring the health of clusters and setting up alerts based on data or operational metrics."
402,35,"Extensible Plugin Architecture : Allows for extending its capabilities with a variety of plugins, including custom-developed ones."
403,35,"RESTful API : Provides a RESTful API for easy interaction and integration with other applications and services."
404,36,"ACID Compliance : Ensures full ACID (Atomicity, Consistency, Isolation, Durability) compliance for reliable transaction processing."
405,36,"Real Application Clusters (RAC) : Allows multiple instances to access a single database, providing fault tolerance, high availability, and scalability."
406,36,"Advanced Security : Features advanced security options such as encryption, redaction, and robust access controls to safeguard sensitive data."
407,36,"Partitioning : Offers advanced data partitioning capabilities for improved performance and easier management of large databases."
408,36,"High Availability : Provides a suite of features under Oracle Maximum Availability Architecture (MAA) for high availability, including Data Guard, Flashback Technology, and Automatic Storage Management (ASM)."
409,36,"Multitenant Architecture : Supports a multitenant architecture that allows managing multiple databases as a single entity, improving consolidation and resource utilization."
410,36,"Performance Tuning : Includes Automatic Database Diagnostic Monitor (ADDM) and SQL Tuning Advisor for optimizing database performance."
411,36,"Backup and Recovery : Comprehensive backup and recovery solutions, including RMAN (Recovery Manager) for efficient backup strategies and data recovery."
412,36,"PL/SQL : Supports PL/SQL, Oracle's procedural language extension to SQL, allowing the writing of sophisticated database applications."
413,36,"Data Warehousing and Business Intelligence : Provides features for data warehousing and business intelligence, including materialized views, bitmap indexes, and in-memory processing."
414,36,"Oracle Exadata Database Machine : A combined hardware and software platform specifically designed for running Oracle Database with improved performance and scalability."
415,36,"In-Memory Database : Offers an in-memory database option for boosting performance for analytics and mixed workload applications."
416,36,"Database Sharding : Supports database sharding for linear scalability and fault isolation in OLTP workloads."
417,36,"Oracle Cloud Integration : Seamlessly integrates with Oracle Cloud, offering cloud-based database services with the benefits of cloud computing."
418,37,"Spatial and Geographic Object Support : PostGIS enhances PostgreSQL by adding support for geographic objects, allowing for the storage and query of information about location and mapping."
419,37,"Advanced Spatial Functionality : Offers a wide range of advanced spatial functions for analysis, including spatial predicates, operators, topology functions, and more."
420,37,"Geospatial Querying and Indexing : Supports spatial indexing using R-trees, which makes geospatial querying efficient. It also includes a variety of spatial operators for querying spatial relationships."
421,37,"Integration with GIS Software : Seamlessly integrates with popular Geographic Information Systems (GIS) software, including QGIS and ArcGIS, for spatial data visualization and analysis."
422,37,"Support for Multiple Spatial Data Formats : Can import and export a variety of spatial data formats, such as Shapefile, GeoJSON, KML, and others."
423,37,"Raster Data Support : In addition to vector data, PostGIS includes support for raster data, enabling complex raster operations and analysis."
424,37,"3D and 4D Indexing : Supports advanced indexing for 3D objects and even 4D (time-based) objects, enhancing its capabilities for complex spatial analysis."
425,37,"Network Topology Support : Provides support for network topology models, which is crucial for network and routing analysis."
426,37,"Command Line Tools : Comes with command-line tools like shp2pgsql and pgsql2shp for importing and exporting GIS data."
427,37,"Standards Compliant : Adheres to the Open Geospatial Consortium (OGC) standards, ensuring compatibility with a wide range of geospatial applications and tools."
428,37,"SQL-MM Support : Supports the SQL Multimedia (SQL-MM) extensions for SQL, which standardizes the use of spatial data."
429,37,"Extensible Architecture : Being part of the PostgreSQL ecosystem, it benefits from the extensibility of PostgreSQL, allowing for custom extensions and functions."
430,38,"ACID Compliance : Ensures full compliance with ACID (Atomicity, Consistency, Isolation, Durability) properties, ensuring reliable transaction processing."
431,38,"Complex SQL Queries : Supports advanced SQL queries and sub-selects, allowing for complex data retrieval and analysis."
432,38,"Extensive Indexing Options : Offers a variety of indexing techniques, including B-tree, hash, GiST, and GIN, to optimize database performance."
433,38,"Data Types : Supports a wide range of data types including primitives, structured types, and custom domains."
434,38,"Concurrency and Multiversion Concurrency Control (MVCC) : Uses MVCC to handle high levels of concurrency, allowing multiple users to access the database simultaneously without locking the database."
435,38,"Procedural Languages : Supports multiple procedural languages like PL/pgSQL (similar to Oracle's PL/SQL), PL/Python, PL/Perl, and PL/Ruby."
436,38,"Foreign Data Wrappers : Supports foreign data wrappers, which allow accessing data from other databases and remote sources as if they were in a local Postgres table."
437,38,"Powerful Extensions : A rich set of extensions is available, including PostGIS for geographic databases."
438,38,"Full-Text Search : Has powerful full-text search capabilities, which make it easy to implement search functionality in applications."
439,38,"Data Integrity : Offers strong data integrity features, including primary keys, foreign keys, unique constraints, and exclusion constraints."
440,38,"Replication and High Availability : Supports built-in replication, warm standby, and point-in-time recovery for high availability and load balancing."
441,38,"Large Object Storage : Supports storage of large binary objects like images, sound files, and video."
442,38,"Security : Provides robust security features with strong access-control mechanisms, SSL encryption, and column-level security."
443,38,"Custom Functions and Triggers : Allows defining custom functions and database triggers for automated processing."
444,38,"JSON and XML Support : Supports JSON and XML data types, allowing for the storage and querying of JSON and XML data directly."
445,39,"Federated Querying : Allows querying data from various sources, including Hadoop, relational databases, and cloud storage, as if they were a single database."
446,39,"High Performance : Optimized for query performance, Presto is capable of executing complex analytical queries at scale."
447,39,"ANSI SQL Compatibility : Supports ANSI SQL standards, making it familiar to SQL users."
448,39,"Extensibility : Offers a plugin architecture for connecting to new data sources and custom functions."
449,39,"Interactive Queries : Provides fast query response times, enabling interactive data exploration."
450,39,"Advanced Optimizer : Utilizes a cost-based query optimizer for efficient query execution."
451,39,"Fault Tolerance : Maintains fault tolerance and reliability through coordinator-worker architecture."
452,39,"Query Parallelism : Executes queries in parallel across distributed worker nodes."
453,39,"Dynamic Scaling : Scales resources dynamically to handle varying workloads."
454,39,"JSON and Avro Support : Supports querying semi-structured data formats like JSON and Avro."
455,39,"Community-Driven : Developed by a vibrant open-source community, including contributions from Facebook."
456,40,"Multi-Dimensional Data Model : Stores time-series data with flexible labels for easy querying."
457,40,"PromQL Query Language : Employs PromQL for querying and alerting based on time-series data."
458,40,"Scalability : Designed for scalability and can handle a large number of time-series data points."
459,40,"Data Collection : Supports various exporters to collect data from different services and systems."
460,40,"Alerting : Provides a robust alerting system to notify users of issues based on defined rules."
461,40,"Pull-Based Architecture : Uses a pull-based model where Prometheus scrapes data from targets, making it resilient and efficient."
462,40,"Service Discovery : Integrates with service discovery mechanisms to dynamically monitor services."
463,40,"Storage Retention : Offers configurable data retention policies and long-term storage options."
464,40,"Ecosystem Integration : Integrates well with Grafana for visualization and other monitoring tools."
465,40," Community and Ecosystem : Benefits from an active open-source community and a growing ecosystem of exporters and integrations."
466,41,"In-Memory Data Storage : Data is stored in memory for lightning-fast read and write operations."
467,41,"Data Structures : Supports various data structures like strings, sets, lists, hashes, and more, making it suitable for a wide range of use cases."
468,41,"Persistence Options : Offers different persistence options, including snapshots and append-only files, to ensure data durability."
469,41,"Pub/Sub Messaging : Provides publish/subscribe messaging capabilities for building real-time applications."
470,41,"High Availability : Supports master-slave replication and clustering for high availability and fault tolerance."
471,41,"Lua Scripting : Allows for custom scripting using the Lua programming language."
472,41,"Built-in Cache : Often used as a caching layer due to its speed and versatility."
473,41,"Atomic Operations : Provides atomic operations for complex data manipulations."
474,41,"Geospatial Indexing : Supports geospatial data and queries for location-based applications."
475,41,"Bloom Filters : Offers probabilistic data structures like Bloom filters for efficient set membership checks."
476,41,"Licensing : Available under the permissive BSD license."
477,42,"High Performance : Optimized for high-speed transaction processing and query performance."
478,42,"Advanced Data Security : Offers robust security features like data encryption, auditing, and fine-grained access controls."
479,42,"In-Memory Processing : Supports in-memory databases for faster data retrieval."
480,42,"High Availability : Provides features like replication and clustering for fault tolerance."
481,42,"Database Partitioning : Allows for data partitioning to improve manageability and performance."
482,42,"Data Compression : Includes data compression options for efficient storage utilization."
483,42,"SQL Compatibility : Supports ANSI SQL standards for ease of use."
484,42,"Data Replication : Offers data replication solutions for real-time data distribution."
485,42,"Integration with SAP Ecosystem : Seamlessly integrates with other SAP products and solutions."
486,43,"In-Memory Computing : Stores and processes data in memory for lightning-fast performance."
487,43,"Advanced Analytics : Supports advanced analytics and machine learning capabilities for real-time insights."
488,43,"Columnar Storage : Utilizes columnar storage for efficient data compression and analytics."
489,43,"Data Integration : Integrates with various data sources, enabling real-time data consolidation."
490,43,"High Availability : Provides built-in high availability and disaster recovery options."
491,43,"Advanced Security : Offers robust security features, including encryption and data masking."
492,43,"Multi-Model Database : Supports both relational and document-oriented data models."
493,43,"Geospatial and Graph Data Processing : Includes geospatial and graph data processing capabilities."
494,43,"Data Virtualization : Allows for virtual data modeling and access to remote data sources."
495,43,"Extensibility : Offers extensibility through the SAP HANA Application Function Model (AFM) and SAP HANA Smart Data Integration (SDI)."
496,43,"Integration with SAP Ecosystem : Seamlessly integrates with other SAP products and solutions."
497,44,"In-Memory and Disk Storage : Offers both in-memory and disk storage for flexibility and high-speed data processing."
498,44,"Distributed Architecture : Utilizes a distributed architecture for scalability and high availability."
499,44,"SQL Compatibility : Supports standard SQL for ease of use and integration."
500,44,"ACID Transactions : Ensures data consistency through ACID transactions."
501,44,"Data Ingestion : Provides data ingestion capabilities for streaming and batch data."
502,44,"Built-in Caching : Includes a built-in cache for faster data access."
503,44,"Geospatial and JSON Support : Supports geospatial data types and JSON for versatile data handling."
504,44,"Real-Time Analytics : Enables real-time analytics with low-latency query processing."
505,44,"Integration with BI Tools : Easily integrates with popular Business Intelligence (BI) tools."
506,44,"Cloud and On-Premises Deployment : Offers deployment options in the cloud or on-premises."
507,45,"Multi-Cloud Support : Operates on multiple cloud platforms, allowing flexibility and avoiding vendor lock-in."
508,45,"Data Sharing : Facilitates secure data sharing across organizations, simplifying collaboration."
509,45,"Scalability : Auto-scales resources based on workload demands, ensuring consistent performance."
510,45,"Zero-Copy Cloning : Enables data cloning without additional storage costs, supporting efficient testing and development."
511,45,"Data Security : Implements robust security measures, including encryption and access controls."
512,45,"Data Integration : Offers seamless data integration from various sources for comprehensive analytics."
513,45,"Schema-Less Data : Supports semi-structured and structured data for diverse data handling."
514,45,"Concurrency : Manages concurrent users and queries effectively, enhancing performance."
515,45,"Query Performance Optimization : Utilizes indexing and caching for rapid query execution."
516,45,"Elastic Compute : Provides on-demand compute resources for processing large datasets."
517,46,"Full-Text Search : Enables fast and accurate full-text searching of structured and unstructured data."
518,46,"Scalability : Offers horizontal scalability for handling large volumes of data and high query loads."
519,46,"Faceted Search : Supports faceted search, allowing users to filter and refine search results."
520,46,"Near Real-Time Indexing : Provides near real-time indexing and updates for fresh data."
521,46,"Geospatial Search : Includes geospatial search capabilities for location-based queries."
522,46,"Advanced Query Parsing : Supports complex query parsing and filtering using the Lucene query syntax."
523,46,"Distributed Search : Enables distributed search across multiple servers for load balancing and fault tolerance."
524,46,"Data Import : Offers data import capabilities from various sources, including databases and XML/JSON files."
525,46,"Extensible : Highly extensible with custom plugins and extensions."
526,46,"Logging and Monitoring : Provides detailed logging and monitoring tools for performance optimization."
527,47,"Unified Data Processing : Seamlessly integrates with Spark, enabling the processing of structured and unstructured data in a single pipeline."
528,47,"SQL Queries : Allows users to run SQL queries on Spark data, making it accessible to those familiar with SQL."
529,47,"DataFrames : Introduces DataFrames, a higher-level abstraction for working with structured data, offering optimizations and schema inference."
530,47,"Connectors : Provides connectors to various data sources, including Hive, Parquet, JSON, and more."
531,47,"Performance Optimization : Optimizes query execution using Spark's distributed processing capabilities."
532,47,"Hive Compatibility : Offers compatibility with Hive, allowing users to run existing Hive queries on Spark SQL."
533,47,"Machine Learning Integration : Integrates with Spark MLlib for machine learning tasks on structured data."
534,47,"Streaming Integration : Supports structured streaming for real-time data processing."
535,48,"Log Analysis : Aggregates and analyzes logs and data from various sources in real-time."
536,48,"Search and Query : Offers a robust search and query language for data exploration and troubleshooting."
537,48,"Visualization : Provides customizable dashboards and visualizations for data insights."
538,48,"Alerting : Generates alerts based on predefined conditions to proactively detect issues."
539,48,"Data Integration : Supports integration with various data sources and applications."
540,48,"Machine Learning : Incorporates machine learning for predictive analytics and anomaly detection."
541,48,"Security and Compliance : Enhances security and compliance monitoring with role-based access controls."
542,48,"Scalability : Scales horizontally to handle massive data volumes and high query loads."
543,48,"Community and Marketplace : Offers a thriving community and marketplace for add-ons and extensions."
544,49,"Embedded Database  : Requires no separate server process, making it easy to embed in applications."
545,49,"Single File Storage  : Stores the entire database in a single file, simplifying deployment and backup."
546,49,"ACID Compliance  : Ensures data integrity through Atomicity, Consistency, Isolation, and Durability (ACID) properties."
547,49,"Transaction Support  : Provides support for transactions, including rollback and commit."
548,49,"Cross-Platform  : Works on various platforms, including Windows, macOS, and Linux."
549,49,"Lightweight  : Has a small memory footprint, making it suitable for mobile and embedded devices."
550,49,"Open-Source  : Available as open-source software with a permissive license."
551,50,"High Performance  : Optimized for high-speed transaction processing and query performance."
552,50,"Advanced Data Security  : Offered robust security features like data encryption, auditing, and fine-grained access controls."
553,50,"In-Memory Processing  : Supported in-memory databases for faster data retrieval."
554,50,"High Availability  : Provided features like replication and clustering for fault tolerance."
555,50,"Database Partitioning  : Allowed for data partitioning to improve manageability and performance."
556,50,"Data Compression  : Included data compression options for efficient storage utilization."
557,50,"SQL Compatibility  : Supported ANSI SQL standards for ease of use."
558,50,"Data Replication  : Offered data replication solutions for real-time data distribution."
559,51,"Massive Parallel Processing  : Utilizes a massively parallel architecture for high-performance data processing."
560,51,"Scalability  : Scales horizontally to handle large volumes of data and user concurrency."
561,51,"Data Warehousing  : Offers data warehousing capabilities for storing and analyzing large datasets."
562,51,"Advanced Analytics  : Supports advanced analytics, machine learning, and geospatial analysis."
563,51,"Integrated Ecosystem  : Provides integration with various data sources, ETL tools, and BI platforms."
564,51,"Security and Compliance  : Ensures data security and compliance with robust access controls."
565,51,"Workload Management  : Manages workloads efficiently with workload management features."
566,51,"Data Integration  : Offers data integration and data migration capabilities."
567,52,"Columnar Storage  : Utilizes a columnar storage engine for efficient query performance and compression."
568,52,"Massive Parallel Processing (MPP)  : Distributes query execution across multiple nodes for scalability."
569,52,"Advanced Analytics  : Supports in-database analytics, machine learning, and geospatial analysis."
570,52,"Data Integration  : Integrates with various data sources and ETL tools for comprehensive data processing."
571,52,"High Availability  : Provides data replication and failover options for data redundancy and reliability."
572,52,"Advanced Compression  : Offers advanced compression algorithms to reduce storage requirements."
573,52,"Load Balancing  : Optimizes query distribution and workload management for consistent performance."
574,52,"SQL Compatibility  : Supports ANSI SQL standards for ease of use and integration."
575,53,"Global Distribution  : Supports geo-distributed deployments for low-latency access and data resilience."
576,53,"High Availability  : Ensures high availability with automatic failover and replication."
577,53,"Scalability  : Scales horizontally to handle growing workloads and data volumes."
578,53,"ACID Transactions  : Provides ACID-compliant transactions for data consistency."
579,53,"Multi-API Support  : Offers multiple APIs, including SQL, NoSQL, and GraphQL, for versatile data access."
580,53,"Data Sharding  : Utilizes automatic sharding to distribute data evenly across nodes."
581,53,"Open Source  : Available as open-source software with a permissive license."
